{
    "rmse": 0.006726124306667976,
    "mae": 0.002349580656197555,
    "r2": -0.008190809161653378
}