{
    "rmse": 0.0067264766446783935,
    "mae": 0.002338337743944868,
    "r2": -0.008764954511848111
}